H,Q1,Q2,Q3,Q4,V,Q1,Q2,Q3,Q4
BOS,20,14,19,16,CLE,19,12,13,17
CHI,19,14,22,20,MIL,25,18,19,18
LAL,21,25,14,21,POR,14,16,19,19
ORL,8,24,12,24,ATL,23,19,23,16
UTA,28,17,21,10,DEN,18,18,16,24
DET,23,23,23,17,IND,16,14,18,22
LAC,24,11,13,17,LAL,25,27,17,23
HOU,22,13,12,14,MEM,18,16,18,10
NYK,25,24,28,16,MIA,20,10,24,36
OKC,8,14,20,23,MIL,21,16,25,15
WAS,17,22,15,11,NJN,17,19,22,22
GSW,27,18,25,11,NOH,26,24,22,17
SAS,16,28,23,18,PHX,16,20,23,25
MIN,31,22,17,17,SAC,26,15,24,12
PHI,19,19,12,13,TOR,17,30,18,17
CLE,21,23,10,23,CHA,13,13,17,10
PHX,21,14,22,24,NOH,27,19,22,19
BOS,18,20,15,13,CHI,9,12,14,17
PHI,28,27,29,22,NYK,23,20,17,11
MEM,17,12,15,18,ORL,23,23,11,11
MIA,17,26,21,20,SAC,11,12,14,23
POR,21,21,25,15,SAS,16,21,23,25
IND,23,12,13,24,BOS,14,18,14,12
NOH,15,24,17,23,CLE,26,19,20,16
MIN,15,22,12,14,DAL,25,20,13,21
NJN,16,20,17,23,GSW,18,20,24,9
UTA,20,22,23,23,LAC,20,19,7,15
DEN,14,24,22,16,LAL,18,17,22,15
CHI,15,20,25,12,MEM,15,29,9,14
CHA,21,24,15,19,MIA,14,21,18,16
ATL,18,23,20,25,PHI,31,23,11,11
PHX,28,14,24,16,POR,19,27,19,18
ORL,23,24,19,30,SAC,23,15,22,23
MIL,18,16,19,22,TOR,20,12,23,13
DET,25,17,24,24,WAS,13,30,20,23
NYK,17,19,13,23,MIL,22,21,21,12
OKC,18,18,21,18,MIN,18,21,22,8
ORL,25,16,21,13,CHI,19,23,20,19
DAL,13,22,18,8,CLE,22,18,14,21
CHA,8,23,13,11,DET,22,20,28,22
MEM,22,18,20,16,GSW,20,19,19,11
PHI,24,31,14,31,SAC,19,21,14,22
LAC,20,15,24,5,UTA,14,12,22,16
HOU,20,23,19,13,BOS,26,18,22,17
SAS,14,17,17,19,DAL,23,29,21,20
NJN,14,24,18,7,PHX,25,28,26,19
NOH,14,19,22,12,ATL,24,20,9,27
OKC,24,10,11,23,BOS,18,19,18,24
CLE,22,18,21,18,CHI,19,19,19,13
GSW,27,20,19,20,DEN,30,16,18,16
TOR,17,18,21,18,DET,18,27,21,15
LAL,21,14,22,17,LAC,29,16,15,18
SAC,22,22,25,15,MEM,12,22,18,21
MIA,19,27,14,24,PHI,16,13,19,11
IND,33,26,12,12,PHX,22,27,26,16
UTA,20,22,27,13,POR,21,23,19,11
ORL,25,21,17,20,PHI,14,21,23,19
DEN,16,18,25,12,DAL,20,19,23,29
NJN,12,22,16,23,DET,21,10,16,19
LAC,16,18,25,16,HOU,23,18,16,17
CLE,14,19,26,28,IND,29,19,22,26
GSW,23,14,22,15,MEM,26,13,27,21
SAS,11,18,20,26,MIA,24,18,17,20
BOS,21,27,14,18,MIL,26,11,18,13
SAC,30,21,23,25,MIN,21,21,17,21
CHA,23,10,13,17,NOH,20,6,23,26
WAS,26,26,27,18,NYK,29,30,24,22
UTA,25,21,15,17,OKC,8,9,26,32
CHI,16,20,31,19,PHX,13,8,18,21
ATL,30,29,15,26,TOR,23,19,14,18
CHI,21,22,19,15,CLE,28,18,16,20
NOH,23,19,15,21,MIA,16,9,27,18
POR,13,20,22,20,MIN,20,23,12,20
IND,27,17,19,20,NJN,26,21,9,8
MIL,17,21,20,21,PHX,17,13,16,14
ORL,25,28,18,15,WAS,19,14,16,19
OKC,12,25,19,14,ATL,19,12,16,18
DET,14,6,16,21,BOS,12,22,19,17
LAC,20,21,24,20,DAL,21,17,16,21
LAL,10,26,22,35,HOU,25,17,14,13
DEN,17,23,14,16,MEM,29,11,8,11
CHA,13,22,21,9,TOR,18,12,20,24
NYK,23,14,21,25,UTA,28,22,15,20
PHX,18,23,26,15,MEM,18,16,20,26
MIA,17,16,15,25,NJN,15,18,23,23
IND,18,20,25,23,OKC,28,13,22,14
ORL,17,22,13,19,POR,30,18,10,21
BOS,11,14,19,26,TOR,21,17,16,20
CHI,19,27,20,24,ATL,20,24,22,19
CHA,21,19,13,16,DEN,16,19,21,12
SAC,28,17,22,15,DET,15,22,18,15
DAL,26,20,18,14,LAL,22,24,19,21
CLE,16,17,22,18,MIL,13,11,27,16
SAS,19,16,25,20,NYK,20,14,20,15
PHI,16,13,23,8,UTA,24,23,13,20
BOS,18,18,16,17,ATL,26,11,17,21
NJN,22,17,13,24,IND,28,13,17,18
MEM,21,19,24,21,NYK,23,33,32,35
OKC,18,16,27,10,ORL,34,24,13,18
TOR,12,24,18,19,PHI,21,23,24,24
MIA,18,18,23,18,POR,26,17,13,25
LAC,11,23,20,24,SAC,27,21,23,18
MIL,14,15,17,18,SAS,17,23,16,15
WAS,19,19,8,17,UTA,24,11,19,19
CHI,15,22,18,18,DAL,23,15,19,11
CLE,31,25,27,17,DEN,33,16,13,16
GSW,21,20,10,24,DET,17,20,29,18
NJN,20,18,15,30,ATL,21,25,19,26
BOS,26,10,14,18,DEN,22,23,13,25
LAL,14,25,18,27,DET,23,27,20,7
SAS,17,19,13,18,HOU,22,17,16,11
NYK,31,25,21,10,OKC,18,21,26,24
DAL,18,31,19,13,ORL,15,24,18,18
IND,38,16,18,10,PHI,10,24,19,19
NOH,21,17,16,13,POR,17,23,17,10
CHA,14,22,23,14,UTA,21,15,22,19
MIA,23,20,23,21,WAS,17,14,14,22
LAC,25,15,25,13,GSW,33,17,30,23
CHI,21,18,21,19,IND,16,22,22,14
ATL,18,20,22,19,NJN,22,18,30,18
HOU,21,16,17,4,NOH,17,11,12,4
PHI,20,17,31,28,OKC,21,18,12,19
MIN,21,21,18,10,POR,27,10,17,21
PHX,28,27,13,20,DET,22,16,16,15
TOR,25,17,22,14,MIA,26,20,22,14
DEN,21,12,18,15,MIN,13,19,20,14
CHA,16,20,16,15,ORL,15,14,25,17
SAC,21,13,27,11,SAS,13,27,18,19
OKC,28,17,12,14,HOU,25,22,24,14
UTA,21,20,20,22,PHX,26,16,18,17
LAC,20,14,23,18,SAS,21,18,25,16
IND,31,27,19,19,ATL,25,17,15,22
LAL,22,29,22,24,CHI,25,19,16,25
NJN,21,15,12,12,CLE,22,14,20,20
CHA,10,21,18,14,DAL,28,18,12,22
WAS,13,20,16,15,MIA,22,19,26,14
DEN,19,23,18,14,MIL,21,20,19,26
BOS,19,29,27,4,NYK,27,14,23,8
GSW,19,23,24,10,POR,25,16,14,21
MEM,28,26,21,13,SAC,20,17,19,19
ORL,19,23,15,28,TOR,22,16,18,16
POR,30,14,22,25,CHI,10,19,15,14
HOU,23,15,4,22,DAL,26,21,13,16
SAS,17,12,10,21,DEN,18,20,16,12
OKC,24,18,10,13,LAC,17,24,30,26
UTA,21,21,16,19,MIL,16,25,19,18
MIN,19,25,19,17,PHI,23,24,12,22
NOH,26,22,18,16,SAC,19,24,26,20
MIA,20,17,21,27,TOR,19,20,26,20
ATL,23,16,20,15,WAS,23,22,15,18
BOS,21,20,19,19,DET,17,16,13,17
PHX,23,17,19,23,LAL,22,22,28,22
MIN,17,8,4,26,BOS,21,12,29,16
ATL,12,23,12,21,CHA,19,18,18,18
GSW,24,25,25,16,CHI,25,28,23,24
LAL,31,29,18,10,DEN,16,26,16,19
WAS,24,15,20,14,HOU,11,23,14,32
PHI,22,16,19,13,LAC,16,26,18,12
DAL,19,13,22,14,MEM,20,17,12,15
OKC,14,10,12,19,NOH,20,29,20,19
MIL,24,19,22,23,NYK,15,20,9,25
SAC,22,21,18,23,POR,24,28,31,21
SAS,27,23,28,21,UTA,24,16,16,18
CLE,24,20,19,26,ATL,9,19,21,30
ORL,15,30,12,16,HOU,23,23,21,20
MIA,15,23,23,26,IND,27,27,16,13
NJN,29,14,26,18,LAC,25,10,24,18
CHA,21,10,13,17,MIL,13,10,21,11
NOH,23,21,25,17,OKC,25,18,15,23
PHX,18,17,30,23,POR,16,16,25,24
MEM,24,16,15,19,UTA,27,20,25,17
NYK,31,16,28,27,WAS,24,26,24,20
TOR,17,17,9,26,BOS,28,22,34,16
DEN,22,23,12,27,CHI,18,26,22,16
PHI,26,26,15,13,GSW,15,22,18,19
DET,14,10,15,26,MIN,22,20,27,26
LAL,27,25,30,16,SAC,25,23,25,25
UTA,22,17,28,22,CHI,26,23,17,21
MIA,17,25,23,16,HOU,27,18,15,22
ORL,27,16,18,9,MIL,20,21,20,23
LAC,19,17,18,18,NOH,21,24,21,19
CHA,19,15,24,18,PHI,21,12,18,16
POR,22,20,24,8,SAC,15,22,26,12
MEM,17,13,11,22,SAS,22,15,20,21
NYK,21,13,22,29,CLE,28,31,24,23
WAS,27,28,26,31,GSW,23,20,22,19
DAL,22,18,24,23,IND,24,26,23,19
LAL,20,24,27,25,NJN,28,17,14,6
OKC,23,22,20,12,PHX,24,15,21,27
TOR,21,19,21,17,CHA,18,15,20,18
SAS,22,15,22,15,CHI,22,19,23,15
LAC,22,28,9,25,DEN,24,14,13,19
BOS,28,11,26,22,GSW,26,25,13,21
HOU,21,15,20,10,IND,15,23,15,24
UTA,26,18,34,15,MEM,17,22,20,26
POR,27,20,15,27,MIA,12,23,15,10
ATL,24,18,16,22,MIL,22,20,18,20
DET,27,29,23,20,NYK,20,19,13,24
CLE,32,25,23,15,OKC,9,17,18,16
PHI,16,18,23,18,ORL,23,20,14,16
MIN,22,20,19,24,PHX,28,25,13,12
DEN,20,22,15,26,NOH,25,12,22,19
WAS,19,18,13,23,ORL,31,13,26,12
LAL,23,19,29,29,DAL,27,27,18,27
CLE,28,25,27,15,GSW,28,12,9,21
SAS,14,27,27,27,MEM,15,19,31,23
PHX,17,25,26,18,MIA,28,19,22,20
DET,26,18,12,24,MIL,16,18,19,19
OKC,17,23,16,29,MIN,14,23,27,18
POR,30,18,17,17,NOH,24,19,20,15
BOS,18,19,25,22,PHI,14,10,18,24
UTA,24,18,34,22,SAC,22,23,17,23
CHA,21,16,11,21,BOS,14,16,19,17
MIL,14,15,22,13,CLE,18,21,22,22
SAC,18,14,14,18,DAL,24,12,24,19
MIN,26,23,14,25,DEN,17,25,21,17
NYK,37,38,30,16,GSW,30,22,26,21
ORL,23,25,25,15,IND,21,24,16,25
LAC,25,22,10,17,MIA,22,27,17,22
UTA,24,12,13,21,NJN,20,26,21,20
MEM,21,23,21,22,OKC,16,18,22,23
PHI,26,18,10,23,CHI,19,23,23,19
DEN,17,21,27,20,HOU,17,18,18,19
PHX,26,26,23,16,NJN,20,22,17,29
DET,8,22,16,17,POR,24,20,17,18
LAL,29,23,26,20,TOR,27,13,26,13
CHA,17,22,18,24,MIN,19,14,17,21
SAS,20,15,15,12,DET,17,18,20,25
DAL,16,22,18,30,LAC,23,24,26,17
IND,28,29,18,23,LAL,21,28,26,9
NYK,21,14,20,19,POR,21,22,20,28
DEN,23,29,33,26,TOR,17,20,17,19
SAC,20,11,19,19,UTA,13,19,18,25
NJN,25,21,8,15,WAS,28,22,31,20
HOU,19,17,24,12,LAC,18,20,27,20
PHI,22,26,12,29,LAL,29,23,20,20
ATL,20,21,31,18,MEM,19,14,20,21
UTA,17,14,12,19,MIA,18,23,25,10
ORL,20,15,22,27,MIN,16,18,10,30
CLE,25,22,18,27,NYK,20,12,21,21
CHA,20,18,21,17,OKC,16,15,26,22
NOH,32,9,20,13,PHX,19,27,18,17
WAS,26,17,23,13,POR,16,23,27,14
DAL,30,23,23,21,PHX,22,17,23,16
DEN,24,11,20,22,SAS,25,28,18,20
MIL,26,17,20,13,CHA,20,30,11,21
HOU,23,28,15,29,GSW,26,25,24,22
CLE,17,29,17,20,IND,20,18,11,13
MEM,22,24,18,19,LAC,19,18,16,16
WAS,19,25,15,25,LAL,26,16,26,16
NJN,27,18,21,26,MIN,10,18,18,14
ATL,27,23,12,21,NYK,28,25,14,22
ORL,18,21,22,28,OKC,17,17,20,21
DET,23,22,12,17,PHI,17,10,20,24
BOS,21,16,18,16,POR,19,12,10,19
UTA,31,28,22,22,TOR,18,24,17,17
DAL,20,18,25,20,ATL,22,11,12,31
SAC,16,14,13,18,DEN,30,18,16,25
SAS,33,29,27,17,GSW,14,21,12,18
MIN,8,23,12,20,LAC,23,13,21,25
NOH,30,15,29,13,MEM,16,16,19,18
PHI,15,15,19,13,NJN,25,17,22,19
MIA,31,20,20,16,OKC,22,18,12,23
PHX,24,23,16,14,UTA,23,20,22,20
CHI,21,30,29,17,WAS,25,24,17,34
NYK,21,27,15,19,DET,12,27,20,21
LAL,17,16,18,22,MIL,15,14,21,24
TOR,27,14,23,20,POR,15,26,27,16
MIA,18,21,13,18,CHA,24,17,18,19
OKC,21,19,21,29,GSW,27,24,19,16
MEM,27,19,18,21,HOU,16,23,22,18
LAC,17,27,25,10,ORL,24,8,22,22
HOU,23,19,9,25,ATL,9,21,24,22
WAS,13,22,26,19,DET,27,16,19,19
SAC,27,22,22,25,LAL,20,25,23,11
PHX,26,29,18,23,MIL,31,19,25,19
CHI,27,16,27,19,NYK,19,21,23,23
POR,23,19,20,23,ORL,23,18,28,23
CLE,25,23,28,18,TOR,15,24,14,17
MIN,20,20,18,11,UTA,27,8,16,17
SAS,23,18,16,23,ATL,17,12,19,30
NOH,27,22,26,17,CHA,20,15,11,28
PHI,26,13,12,16,CLE,24,22,27,12
TOR,18,28,20,20,IND,12,26,18,17
OKC,29,24,13,12,MEM,16,20,21,25
GSW,26,15,21,30,MIL,16,21,29,14
DEN,17,19,31,19,MIN,27,20,16,19
NJN,33,25,20,21,NYK,21,25,26,17
LAL,26,20,26,16,PHX,24,20,30,24
WAS,15,12,28,11,BOS,28,18,21,29
DAL,22,24,17,17,CHA,24,24,18,12
UTA,22,22,17,12,POR,27,15,15,17
MIA,24,13,14,18,ATL,15,16,26,6
MEM,17,25,29,14,CHI,27,22,13,20
GSW,24,16,22,28,HOU,23,21,22,23
DET,31,25,20,17,IND,25,23,17,19
BOS,15,17,24,14,NOH,16,14,18,6
PHX,25,30,21,22,ORL,29,22,10,30
CLE,20,18,16,16,PHI,23,14,14,10
LAL,28,15,25,23,SAC,21,20,12,27
MIN,18,21,12,23,SAS,17,22,17,26
NJN,14,15,15,14,TOR,19,14,18,21
ATL,27,8,11,20,CLE,20,12,24,17
CHA,11,18,19,20,DET,20,25,25,7
DEN,31,22,32,24,GSW,20,22,17,28
LAC,25,12,25,19,HOU,17,22,14,14
MIL,28,25,16,25,IND,21,15,29,15
CHI,16,26,25,25,NJN,24,22,15,17
SAC,20,18,22,15,NYK,41,19,19,20
DAL,23,24,26,16,OKC,22,20,22,19
UTA,25,26,7,16,ORL,20,19,26,21
PHI,23,18,22,15,WAS,19,16,21,19
MEM,18,18,29,11,MIA,17,22,16,17
LAL,18,17,26,20,MIN,15,16,20,17
TOR,19,18,22,11,NOH,19,27,21,17
SAS,37,19,17,18,OKC,17,20,25,32
ATL,17,16,26,14,CHA,25,15,19,8
DAL,13,17,23,15,DEN,25,21,16,20
WAS,22,19,26,8,IND,29,22,22,23
MIA,18,13,22,17,MIL,25,17,19,19
SAC,11,31,28,26,MIN,22,22,11,23
TOR,20,14,20,11,NJN,18,22,17,15
PHX,32,27,19,9,NYK,18,20,28,19
GSW,18,14,19,30,ORL,21,22,29,28
BOS,20,13,19,17,UTA,15,14,17,25
HOU,28,21,27,19,DEN,22,31,15,16
OKC,14,30,12,18,LAC,26,19,13,26
MEM,10,23,16,21,NOH,21,12,8,21
LAL,25,15,33,23,NYK,31,26,17,13
POR,17,18,23,18,SAC,25,7,9,12
ATL,18,16,16,15,BOS,20,16,11,23
MIN,19,14,16,10,CLE,20,20,19,25
IND,36,25,21,18,GSW,26,30,27,19
PHI,24,17,16,19,MIL,20,25,17,4
NOH,14,20,24,19,SAS,14,24,25,8
NJN,23,10,21,20,UTA,6,18,31,19
DET,19,15,17,22,WAS,17,10,18,11
POR,27,24,32,18,PHX,25,30,18,21
ORL,18,22,20,22,SAS,13,14,20,21
MEM,23,13,14,15,CHA,33,21,25,25
DEN,20,24,12,22,CLE,30,22,19,15
NJN,29,25,22,26,DAL,26,12,18,16
ATL,31,16,23,25,GSW,21,28,27,12
MIA,20,16,23,13,LAL,24,19,14,20
NYK,10,21,22,12,MIL,24,29,26,13
WAS,20,25,28,15,PHI,25,23,20,13
HOU,26,19,22,21,SAC,27,20,16,15
OKC,22,20,16,17,TOR,14,12,19,21
PHX,28,17,20,20,DEN,25,28,19,13
CHA,22,21,20,24,GSW,24,17,25,14
MIN,24,15,16,30,HOU,23,26,19,22
PHI,24,14,20,12,IND,16,22,24,16
MIL,32,20,21,24,LAC,8,12,19,22
ORL,20,18,32,12,LAL,14,31,19,15
NJN,23,20,15,17,MIA,26,25,14,19
NOH,25,16,16,20,SAC,21,23,13,18
SAS,18,33,26,23,TOR,19,20,23,22
CHI,24,24,23,18,UTA,20,20,24,14
OKC,22,20,23,12,CLE,27,22,27,17
ATL,21,23,14,12,DET,23,16,21,13
ORL,23,22,32,21,GSW,12,21,19,11
NJN,12,22,23,18,HOU,25,26,23,21
MEM,22,25,19,13,LAL,22,20,22,22
DEN,20,22,18,9,POR,21,19,22,12
SAS,28,23,13,17,SAC,17,18,13,19
LAC,16,11,18,12,TOR,18,24,14,23
DET,27,17,16,17,CHI,17,19,15,27
POR,25,20,13,19,DEN,17,14,16,19
MIA,17,25,18,22,GSW,21,14,10,26
CLE,24,18,21,21,HOU,22,21,19,10
NOH,16,10,24,23,LAL,20,26,13,13
DAL,22,20,21,26,MEM,8,17,22,19
SAS,26,12,29,14,MIN,19,15,16,18
ATL,23,15,15,28,OKC,23,15,18,17
BOS,23,20,16,22,PHI,22,16,18,18
MIL,18,22,15,12,UTA,16,15,18,14
CHA,21,7,12,23,WAS,18,14,15,14
LAL,22,23,17,18,BOS,24,19,18,16
POR,24,23,14,12,DAL,28,22,13,24
ORL,22,30,10,11,NOH,12,14,21,13
PHX,24,18,18,11,SAS,16,17,30,19
CLE,19,24,19,12,WAS,25,19,24,17
GSW,16,16,23,21,BOS,25,19,15,13
NJN,19,14,21,19,CHA,20,26,19,11
MIA,18,21,20,19,CHI,19,22,19,8
UTA,22,18,20,14,DAL,20,18,17,18
MEM,23,27,18,16,IND,32,27,15,18
NYK,27,18,16,20,MIN,21,25,25,18
DET,19,25,18,18,OKC,16,25,13,22
DEN,18,25,11,27,PHI,19,26,22,16
SAC,21,24,22,13,TOR,24,15,25,16
ATL,27,29,28,23,CHI,34,18,29,17
MIL,17,16,10,6,DET,19,16,24,12
WAS,28,22,16,27,OKC,29,19,16,15
MIN,15,31,16,16,ORL,22,15,26,35
POR,24,19,18,26,TOR,24,28,8,17
SAC,13,7,12,10,BOS,17,30,21,20
LAC,8,18,22,13,DAL,21,20,27,11
NYK,24,23,29,12,DEN,22,32,21,21
CLE,14,20,14,21,MIA,20,16,22,15
NJN,19,24,12,12,CHI,30,20,13,24
ATL,23,21,20,24,DEN,21,29,10,15
DET,18,21,16,14,ORL,15,23,20,15
UTA,20,24,24,24,PHI,20,20,14,23
OKC,29,18,20,14,PHX,31,22,20,18
GSW,22,28,14,24,TOR,26,18,25,23
HOU,16,11,24,20,WAS,16,21,22,14
IND,24,17,24,16,ATL,20,19,22,21
POR,13,20,20,19,BOS,21,11,15,10
MIA,20,17,18,24,CLE,17,4,30,26
SAC,21,19,13,15,LAC,12,18,28,7
SAS,21,19,25,17,MIL,27,16,27,17
DAL,18,14,25,33,MIN,26,30,22,11
CHA,23,17,18,18,NYK,33,16,18,12
MEM,19,19,18,6,PHX,16,20,16,23
NOH,20,20,19,17,WAS,14,25,16,18
TOR,27,18,25,16,DEN,23,22,30,17
OKC,16,25,24,20,GSW,23,23,12,21
HOU,20,16,18,10,MIL,19,12,20,19
DET,21,12,21,15,NJN,15,10,17,17
CHI,14,15,13,32,ORL,28,25,23,21
LAC,20,15,17,16,PHI,22,18,16,19
MIL,22,23,18,17,CHA,24,14,8,16
CLE,23,17,22,25,CHI,12,22,14,17
OKC,19,37,28,14,DEN,21,16,30,25
MIN,24,20,24,17,GSW,20,24,24,15
TOR,23,21,17,23,HOU,14,20,9,20
NYK,22,18,25,19,IND,27,24,18,14
PHX,33,19,19,18,LAC,13,26,15,22
ORL,20,17,17,12,MIA,21,18,19,9
POR,12,20,15,15,NOH,19,22,16,29
DAL,14,20,23,23,PHI,13,20,22,20
DET,24,12,24,20,SAC,15,20,8,16
MEM,17,17,12,18,SAS,26,8,21,19
LAL,23,19,20,19,UTA,16,18,17,29
BOS,27,26,26,15,WAS,12,18,19,15
ATL,17,28,21,24,HOU,24,15,24,20
CHA,15,21,21,16,MIL,19,12,18,22
CHI,15,16,22,25,MIN,14,22,24,19
DEN,25,24,17,12,NOH,14,15,28,24
SAS,38,24,17,20,PHI,19,24,23,24
IND,24,27,20,21,SAC,31,22,17,24
NYK,22,20,21,14,BOS,22,20,13,15
WAS,26,20,14,6,CLE,22,14,10,17
MEM,30,15,24,16,DAL,25,14,19,11
LAC,19,22,8,11,DET,21,24,14,16
TOR,29,18,21,17,ORL,19,24,25,17
LAL,13,21,28,12,POR,22,24,11,16
UTA,22,28,21,18,GSW,25,23,23,18
DEN,26,33,15,36,IND,28,26,18,20
NJN,18,18,25,17,SAC,17,30,16,12
MIA,14,23,19,22,SAS,18,15,25,22
MIL,16,19,24,28,TOR,22,21,20,21
PHI,20,26,18,21,HOU,19,25,15,14
DAL,36,21,15,18,LAC,19,15,23,14
MEM,21,13,22,10,MIN,26,13,19,20
LAL,21,22,32,13,NOH,23,21,23,16
OKC,31,23,19,10,NYK,19,23,25,14
CHI,16,21,16,13,SAC,20,14,20,21
ORL,24,13,24,11,WAS,22,4,28,17
CLE,27,28,21,21,CHA,10,23,12,16
POR,18,19,17,16,DET,24,19,16,15
BOS,28,14,15,9,HOU,19,27,17,16
PHX,12,25,22,22,IND,23,32,29,18
GSW,20,27,26,22,LAL,23,25,16,23
NJN,25,21,19,14,MEM,15,21,24,14
DEN,21,25,16,16,MIA,17,25,23,17
UTA,23,24,15,23,NOH,30,5,18,19
MIN,34,25,21,28,OKC,21,16,20,16
ATL,22,18,19,29,ORL,26,22,21,11
MIL,21,28,21,17,PHI,21,13,20,24
WAS,16,17,21,29,TOR,26,20,22,14
SAS,14,25,32,28,LAC,22,21,24,9
DAL,26,24,20,16,NYK,23,29,18,14
ORL,30,26,26,14,ATL,14,8,22,20
CLE,27,15,18,14,BOS,22,15,15,19
PHI,23,17,27,10,CHA,27,17,14,17
PHX,26,27,36,20,DAL,26,23,13,21
DEN,22,15,11,14,DET,16,16,11,23
OKC,21,14,28,19,HOU,10,29,19,15
LAL,37,21,23,12,IND,28,26,15,24
NOH,25,26,23,17,LAC,22,25,15,11
TOR,21,16,20,27,MEM,19,21,14,11
MIL,25,26,17,20,NJN,27,17,24,24
CHI,24,21,19,21,WAS,16,18,18,22
WAS,25,18,12,14,CHA,21,22,19,17
UTA,27,21,16,17,DET,14,17,15,12
POR,14,28,24,21,GSW,23,16,16,27
MIN,15,27,20,21,MIL,27,21,21,17
HOU,23,19,23,16,NYK,22,19,13,12
TOR,13,14,9,26,BOS,25,20,19,10
SAC,25,19,24,22,DAL,25,20,22,14
GSW,17,26,21,24,IND,23,26,19,22
LAL,20,21,21,21,MIA,21,28,18,28
SAS,20,22,17,22,ORL,31,19,16,20
ATL,26,18,19,11,PHI,27,21,20,23
LAC,22,24,13,21,PHX,27,23,21,13
UTA,29,24,18,15,IND,30,25,20,22
WAS,19,22,22,13,MIL,23,14,25,19
NOH,20,13,15,25,NYK,20,22,18,26
CHI,25,14,14,15,POR,11,20,27,21
PHX,29,18,22,18,ATL,10,25,19,24
DET,25,18,19,5,CHA,20,16,14,16
MEM,12,15,18,14,CLE,24,17,21,22
DEN,25,17,11,17,DAL,25,19,19,14
HOU,26,28,23,17,LAL,25,24,18,20
MIN,20,28,19,20,MIA,14,21,18,16
SAC,23,21,20,18,ORL,33,32,29,27
LAC,8,14,25,18,ATL,13,24,19,23
TOR,16,20,18,21,CHI,22,20,18,29
SAS,28,29,27,14,LAL,27,29,23,24
MIL,21,30,17,21,MIA,24,24,20,16
BOS,27,17,30,26,NJN,19,8,15,15
DAL,30,20,21,12,NOH,25,21,25,19
PHI,28,18,10,25,POR,13,11,19,16
OKC,20,17,22,22,UTA,18,23,20,13
NYK,32,24,20,24,WAS,24,32,19,27
NJN,27,15,19,26,POR,16,19,15,29
GSW,21,22,25,23,ATL,20,24,22,25
OKC,18,22,22,12,DET,18,26,20,12
SAC,12,16,20,31,MIL,27,26,23,24
PHX,22,28,20,16,MIN,25,22,19,25
CLE,26,19,12,17,NOH,14,14,18,9
WAS,30,16,15,20,NYK,21,8,30,17
LAL,22,23,19,19,ORL,17,19,23,27
PHI,25,25,25,19,SAS,16,26,12,15
IND,18,28,26,13,TOR,17,14,14,30
MEM,20,18,13,16,UTA,21,23,20,17
NJN,14,16,21,15,BOS,23,34,11,14
HOU,24,16,20,21,MIA,16,14,28,21
LAC,30,20,22,16,MIL,30,18,14,9
DET,18,15,30,15,NOH,17,19,18,18
DEN,14,16,20,17,ORL,20,18,26,21
NYK,23,22,13,22,PHI,22,23,21,26
CHI,16,26,16,21,SAS,28,11,19,19
DAL,16,34,19,23,UTA,20,25,21,20
OKC,22,20,10,20,MIA,28,25,23,17
TOR,23,25,21,26,PHX,29,30,20,12
NYK,21,26,16,18,CHI,16,33,19,16
LAL,25,22,26,25,CLE,24,24,15,13
PHI,20,23,17,19,DAL,13,20,24,21
HOU,33,26,21,21,DEN,28,26,16,23
MEM,16,22,20,8,DET,18,20,23,12
NOH,23,20,13,20,IND,22,20,9,31
POR,21,18,16,23,MIL,13,20,21,18
LAC,14,17,25,18,MIN,24,18,21,19
BOS,30,28,23,14,PHX,15,17,22,18
CHA,20,13,20,10,SAS,28,8,13,14
ATL,21,15,19,18,TOR,18,22,12,20
GSW,24,26,20,31,WAS,23,20,28,14
CHI,22,26,16,20,ATL,19,21,19,24
SAS,20,25,22,13,IND,15,21,13,18
UTA,25,25,16,19,MIN,18,24,29,25
DEN,18,18,29,18,SAC,24,13,25,19
MIA,10,21,24,16,BOS,22,26,21,20
POR,19,17,21,16,CLE,25,24,19,25
MIL,15,35,33,26,DAL,19,20,12,14
LAC,25,25,12,20,LAL,22,28,27,14
CHA,13,20,21,29,MEM,13,14,16,18
NOH,17,25,25,22,NJN,26,16,13,28
GSW,26,27,11,19,OKC,32,25,12,23
NYK,23,25,28,15,PHX,21,24,19,23
DET,16,22,27,18,TOR,20,17,19,10
SAC,17,21,16,28,WAS,28,21,25,14
ORL,17,10,11,21,BOS,18,18,18,16
LAL,26,34,19,19,WAS,21,20,19,19
GSW,23,19,20,14,CLE,24,16,22,20
DET,20,17,10,16,DAL,26,30,21,19
IND,17,26,13,18,HOU,24,10,17,29
NYK,20,25,14,26,MEM,24,13,14,16
SAS,24,16,21,15,NJN,19,21,14,20
MIN,22,17,24,27,NOH,28,21,25,23
LAC,19,19,26,23,OKC,20,19,13,19
CHA,20,31,22,14,PHX,11,18,15,16
CHI,25,22,12,13,TOR,24,17,28,23
UTA,17,21,22,23,CLE,30,11,33,16
MEM,14,15,23,14,NJN,24,17,23,21
PHI,34,19,21,16,NYK,27,27,13,26
MIA,30,16,21,12,ORL,24,20,12,19
MIL,25,23,16,19,SAC,25,21,15,16
POR,16,11,25,25,WAS,14,11,24,25
IND,25,24,15,15,CHA,20,13,21,21
BOS,36,34,29,17,DAL,18,15,20,17
DET,25,27,19,23,HOU,37,19,18,16
ATL,24,20,15,16,PHX,21,19,23,14
TOR,23,25,21,19,SAC,26,23,17,17
LAL,14,24,20,13,SAS,20,20,18,13
DEN,27,24,21,20,UTA,20,17,20,14
NYK,24,19,17,20,HOU,21,29,15,15
MIL,18,19,14,18,MIN,18,19,19,12
OKC,18,16,26,4,NJN,23,14,8,27
NOH,18,18,21,25,PHI,23,23,14,14
WAS,16,19,21,12,PHX,17,24,17,28
LAC,21,16,21,10,POR,20,21,21,26
MEM,16,14,21,13,DEN,23,18,14,18
ORL,34,19,29,23,IND,17,28,30,22
CLE,20,24,21,20,SAC,25,21,24,16
UTA,24,19,24,15,SAS,23,21,27,14
NYK,25,20,28,22,ATL,25,27,14,21
POR,25,20,12,11,CHA,17,17,16,12
LAC,15,16,9,20,CHI,22,14,23,16
NOH,19,20,17,19,DEN,17,19,19,15
MIN,22,25,17,12,DET,20,21,15,19
DAL,29,29,18,20,GSW,23,16,13,22
IND,27,23,17,20,MIL,18,21,18,10
HOU,22,19,24,17,PHI,27,10,22,16
BOS,24,33,20,20,SAC,26,15,24,9
NJN,25,19,19,26,TOR,19,25,27,18
MIA,15,19,26,14,WAS,21,14,13,14
ORL,21,24,18,20,CLE,30,16,16,13
PHX,26,18,24,16,SAS,27,19,15,15
DEN,16,24,25,19,CHA,16,18,25,20
SAC,15,12,18,15,CHI,31,18,22,23
NOH,24,9,13,15,GSW,15,24,15,18
CLE,25,24,27,22,LAC,22,26,16,17
MIN,28,19,16,23,LAL,29,27,22,28
IND,18,28,24,19,MIA,22,22,17,27
TOR,26,12,10,21,MIL,21,22,16,18
ATL,21,23,21,14,NJN,25,20,11,11
UTA,22,33,27,13,OKC,24,14,17,15
PHI,31,12,27,23,WAS,15,18,18,21
PHX,15,30,9,25,CHI,28,27,24,23
MIA,10,27,21,17,DAL,23,29,24,25
HOU,22,16,24,25,GSW,18,23,21,12
WAS,21,28,19,14,LAC,22,19,23,15
MEM,27,26,17,14,LAL,16,28,28,20
PHI,27,21,7,4,NJN,27,15,13,16
SAS,25,19,26,23,NOH,20,17,27,22
IND,27,24,22,19,NYK,26,32,30,19
POR,27,13,33,23,UTA,21,18,16,24
DET,14,15,25,12,CLE,12,15,21,29
BOS,24,25,18,18,MIN,21,12,27,21
TOR,21,13,16,22,ORL,28,13,31,19
UTA,15,19,22,23,CHA,23,25,13,13
ORL,25,16,14,18,DAL,19,23,19,22
MIA,27,21,27,24,LAC,18,17,21,20
NYK,25,18,21,25,LAL,24,30,24,17
WAS,25,25,18,12,MEM,27,26,21,13
NOH,23,23,17,10,POR,15,18,18,29
PHX,32,28,17,19,SAC,15,18,11,24
GSW,25,20,24,14,SAS,23,18,19,15
PHI,14,18,18,25,BOS,29,16,15,26
HOU,17,24,23,16,CHI,10,24,17,32
NJN,19,18,23,18,MIL,16,13,18,14
IND,28,25,18,20,MIN,23,27,21,24
DEN,16,22,20,15,SAS,22,16,21,28
CLE,35,17,8,21,TOR,14,19,18,12
MIN,18,15,19,20,ATL,21,14,23,11
NOH,17,15,11,20,CHI,27,28,15,17
NYK,19,26,22,16,CLE,28,19,20,17
OKC,26,27,22,15,DEN,26,24,28,22
MEM,29,21,27,11,HOU,27,19,13,15
ORL,34,34,24,18,LAC,18,22,17,19
TOR,26,23,21,20,LAL,25,24,27,21
DET,14,22,22,20,MIA,15,19,13,24
WAS,18,28,15,14,NJN,25,28,29,22
GSW,37,22,30,18,PHX,19,20,24,26
DAL,24,27,23,17,POR,25,16,22,19
UTA,21,27,27,21,DAL,15,25,14,17
PHI,26,14,19,14,IND,22,28,10,19
CHA,20,23,13,18,ATL,14,22,21,15
NYK,26,16,24,22,BOS,26,14,14,33
WAS,21,21,14,22,DEN,22,34,30,19
PHX,24,22,25,21,GSW,19,24,24,15
MEM,12,22,18,27,LAC,26,28,32,22
IND,24,25,14,16,ORL,23,17,23,18
OKC,29,20,17,16,POR,21,14,23,20
NOH,25,11,21,30,TOR,14,29,15,19
SAC,18,25,14,22,UTA,24,16,20,22
NJN,15,26,25,16,DEN,15,16,14,11
ATL,11,22,22,18,LAC,21,23,34,31
PHI,23,14,8,19,MIA,19,19,19,14
HOU,16,27,26,24,MIN,26,21,17,15
MEM,16,22,13,14,TOR,8,12,17,14
MIA,18,25,25,23,CHA,20,17,21,28
WAS,21,24,27,20,IND,27,19,21,20
CLE,30,24,14,11,LAL,25,20,30,14
NOH,21,16,21,11,MIN,27,16,26,13
ORL,27,16,15,18,NJN,16,24,17,16
POR,32,19,18,26,NYK,25,19,29,23
DET,23,19,18,18,PHX,26,27,19,14
OKC,30,18,22,24,SAC,22,16,32,30
BOS,22,25,24,20,SAS,22,31,14,19
GSW,20,19,25,24,UTA,17,22,17,15
MIL,25,28,25,26,HOU,12,27,11,24
CHA,18,20,19,27,LAC,18,20,14,11
MEM,14,15,19,11,NOH,18,8,18,15
PHI,26,22,16,20,PHX,24,16,22,13
IND,23,17,24,21,CLE,21,14,20,19
MIA,14,18,21,17,DEN,30,18,14,25
CHI,23,18,17,21,DET,15,27,30,14
GSW,36,21,31,28,NYK,28,30,26,25
LAL,24,32,16,23,OKC,21,20,23,13
DAL,29,24,21,25,SAC,28,19,8,23
NJN,19,25,18,24,SAS,27,20,24,19
MIN,16,29,23,15,TOR,23,16,27,27
ATL,25,26,20,29,WAS,16,15,15,22
DET,21,21,19,22,ATL,20,19,25,16
NOH,18,13,12,11,BOS,18,18,12,24
ORL,15,7,12,17,DEN,16,16,16,11
MIL,25,23,20,25,IND,20,29,21,15
PHI,20,14,22,20,MEM,14,16,22,22
POR,22,30,18,22,OKC,18,16,18,13
CLE,25,31,21,16,PHX,25,16,17,17
HOU,21,16,20,20,SAC,24,8,13,22
TOR,20,21,14,21,SAS,20,20,24,13
CHA,22,27,16,20,WAS,21,22,14,22
DAL,15,22,20,14,BOS,16,19,21,17
CHI,18,10,19,16,MIA,19,25,20,19
GSW,24,21,10,11,POR,17,20,15,32
LAL,22,21,38,10,ATL,23,12,17,12
DET,12,17,21,22,MIL,26,14,19,11
WAS,21,18,21,25,MIN,13,15,25,23
HOU,22,23,27,23,NJN,16,18,19,20
OKC,13,23,21,21,NOH,30,17,19,20
IND,25,23,19,20,PHI,15,22,16,19
SAC,25,23,16,17,ATL,26,19,22,16
MIL,16,22,14,25,CHI,19,23,21,16
TOR,22,13,13,18,CLE,23,20,22,17
PHI,14,16,17,13,DEN,12,18,26,22
CHA,22,16,21,17,IND,19,23,19,20
GSW,28,31,20,25,LAL,27,26,23,25
POR,27,21,15,16,MEM,24,24,15,15
MIA,27,14,19,21,MIN,17,20,32,19
DAL,25,18,32,19,NJN,22,26,10,22
NOH,26,21,26,27,ORL,12,19,13,21
UTA,9,16,16,25,BOS,18,17,23,8
DET,23,14,14,17,SAS,17,22,16,14
POR,22,25,30,19,ATL,23,21,21,16
MIL,27,21,20,14,CLE,22,19,32,16
HOU,13,24,23,15,DAL,23,20,13,20
CHI,21,26,22,16,DEN,30,20,17,18
MIN,20,18,16,28,IND,30,24,21,17
PHX,32,35,20,31,OKC,19,25,31,25
CHA,16,13,19,17,ORL,20,20,20,13
MEM,23,13,19,22,SAC,20,18,23,17
NYK,36,28,23,22,TOR,21,19,21,20
NJN,17,19,17,20,WAS,14,19,31,18
UTA,25,28,19,16,NOH,18,21,25,6
GSW,26,25,21,27,OKC,34,24,14,20
MIA,19,20,20,21,PHI,14,16,16,24
DAL,22,30,23,18,SAC,18,23,19,19
WAS,16,16,12,10,SAS,22,25,20,20
PHX,25,18,27,21,BOS,28,20,27,25
HOU,26,14,25,20,CHA,17,19,11,11
IND,25,23,14,18,CHI,21,21,19,13
MIL,30,21,19,18,DEN,26,22,18,16
CLE,26,25,20,9,DET,14,17,21,17
POR,37,25,22,22,LAC,11,17,20,18
MIN,25,20,23,26,LAL,27,24,17,23
ORL,34,21,22,22,MIA,22,17,19,22
TOR,26,29,21,20,NYK,26,23,17,22
UTA,31,32,21,10,ATL,24,27,12,13
DEN,11,14,16,12,BOS,24,27,22,23
LAC,23,23,29,28,GSW,24,24,17,19
NYK,17,23,37,16,IND,15,21,31,27
SAC,18,15,26,24,NOH,19,28,21,21
NJN,17,27,14,22,PHI,27,14,13,19
PHX,25,24,26,14,CHA,26,19,24,15
SAS,32,14,17,17,DAL,15,20,8,14
MIA,18,23,25,19,DET,23,20,10,18
OKC,19,21,17,14,LAL,30,22,12,25
CLE,18,22,14,16,MEM,16,19,18,20
TOR,23,21,31,23,MIN,33,17,23,21
CHI,28,28,22,22,ORL,23,26,24,16
HOU,24,28,16,11,POR,20,15,23,21
DEN,26,23,29,10,ATL,28,16,19,22
LAC,21,17,20,21,BOS,19,25,15,10
SAC,18,18,13,19,CHA,27,18,20,16
NJN,18,23,17,28,CHI,17,20,23,17
NOH,19,21,18,14,DET,12,27,18,20
IND,26,26,18,17,MEM,26,17,22,16
DAL,21,26,17,22,MIL,17,17,27,20
NYK,15,25,26,29,ORL,19,26,17,23
WAS,24,18,14,26,PHI,22,24,25,13
SAS,28,17,25,23,POR,20,17,13,19
MIN,21,23,22,13,UTA,19,20,24,24
HOU,10,24,23,21,CLE,6,26,10,18
LAL,33,25,30,29,PHX,24,23,20,19
GSW,22,22,30,14,CHA,24,30,21,14
WAS,23,18,24,26,CHI,15,14,25,11
SAS,10,22,18,20,CLE,24,13,29,13
ORL,17,24,12,17,DET,15,21,18,20
BOS,21,19,26,22,IND,15,24,24,20
SAC,27,21,22,17,LAC,17,17,19,23
DEN,14,21,18,8,LAL,12,17,17,6
ATL,15,15,25,16,MIA,14,16,20,25
NOH,27,20,24,13,MIL,17,13,18,31
NYK,10,23,27,22,PHI,23,16,13,17
MIN,17,12,14,20,POR,21,21,21,21
PHX,29,28,24,32,TOR,26,31,22,9
LAC,26,20,16,21,CHA,17,25,30,18
CHI,21,29,15,27,HOU,29,26,19,14
MIA,22,31,24,26,NYK,34,22,25,11
MEM,16,23,15,19,OKC,24,20,16,10
PHI,27,21,21,12,ORL,22,18,22,27
UTA,23,20,24,20,SAC,18,25,21,14
MIL,29,19,23,22,WAS,12,17,23,18
ATL,17,14,19,15,CLE,28,17,12,15
IND,26,13,18,27,DEN,20,10,28,14
BOS,16,16,22,18,DET,18,20,12,21
MIN,21,28,15,25,HOU,27,23,24,12
PHX,32,23,21,16,LAL,24,22,24,22
NJN,16,17,29,19,NOH,17,19,23,13
POR,30,25,12,12,SAS,20,15,18,23
DAL,24,26,24,15,TOR,16,21,19,15
GSW,27,21,20,18,UTA,27,26,18,19
WAS,18,21,18,19,ATL,22,16,23,19
MIA,23,25,22,13,CLE,27,19,15,24
OKC,20,23,24,14,DAL,23,19,12,21
PHI,13,28,18,17,NOH,21,21,18,20
LAC,18,7,21,14,SAS,21,20,29,23
CHA,23,24,23,8,CHI,18,12,18,15
DET,20,8,26,18,DEN,24,24,17,16
MIN,15,13,24,20,GSW,33,21,11,19
SAC,17,14,18,30,IND,29,25,19,24
LAL,28,16,19,21,MEM,17,18,20,16
MIL,18,21,15,22,NJN,17,17,13,28
ORL,17,24,18,22,PHX,29,23,24,11
HOU,20,31,20,22,TOR,24,18,23,24
NYK,22,25,23,19,ATL,24,23,20,25
NJN,17,20,28,24,BOS,22,23,25,20
CHI,16,30,15,22,GSW,24,15,17,21
UTA,17,24,25,18,HOU,24,13,15,18
POR,16,24,21,19,IND,25,30,22,16
LAC,20,23,15,18,MEM,29,20,24,26
CLE,18,18,20,15,MIL,19,11,15,15
MIA,34,25,30,20,PHX,26,26,28,30
DAL,22,23,18,20,SAS,26,25,15,19
OKC,18,20,24,15,WAS,22,15,15,11
NOH,21,20,25,24,DAL,17,22,11,15
DEN,27,21,24,20,POR,12,24,23,15
CHA,35,21,18,14,ATL,21,25,18,19
BOS,20,23,30,23,CLE,16,19,19,13
UTA,14,16,20,19,DEN,21,19,13,13
DET,23,29,15,22,GSW,12,17,22,18
TOR,17,23,24,24,MIA,20,31,23,18
CHI,19,27,14,20,MIL,20,20,24,21
LAL,20,20,27,23,MIN,17,13,18,16
ORL,22,22,20,15,NJN,22,25,25,13
HOU,18,28,18,24,PHX,15,26,29,32
SAS,19,22,27,17,WAS,15,14,18,14
NYK,23,23,11,22,CHA,28,22,20,23
ATL,16,19,18,16,DET,25,16,10,18
MIL,29,24,26,20,GSW,20,19,21,30
LAC,29,28,18,12,IND,19,22,32,17
CLE,25,18,17,20,MIA,14,18,19,24
POR,22,19,15,19,MIN,20,19,18,20
NOH,27,19,15,29,OKC,16,25,17,13
MEM,24,24,23,20,PHI,23,22,24,22
DAL,19,26,26,23,WAS,23,24,17,22
SAC,30,22,17,23,DEN,21,18,18,19
HOU,18,24,19,15,MEM,18,12,16,21
NJN,23,25,21,19,NYK,25,25,18,23
BOS,14,14,19,15,ORL,22,27,15,10
OKC,17,28,10,17,PHI,20,10,13,16
SAS,27,19,15,23,PHX,26,15,29,18
TOR,18,21,29,12,UTA,25,18,29,16
DEN,24,8,15,25,HOU,17,21,24,15
POR,25,29,16,21,LAL,14,17,13,36
ATL,15,22,18,17,NOH,24,10,18,15
DET,17,17,30,19,ORL,18,12,21,14
MIN,20,14,23,24,WAS,20,20,22,22
SAS,20,23,23,25,CHA,22,11,19,15
LAC,16,19,19,9,CLE,14,14,14,25
PHX,25,27,23,27,DAL,32,23,29,20
MIL,27,21,16,23,NYK,22,24,17,20
SAC,21,25,20,21,OKC,23,21,20,13
IND,21,26,19,14,UTA,23,19,22,20
MIA,23,17,28,21,BOS,27,19,13,15
ORL,24,15,30,20,CHI,9,16,14,21
POR,22,12,16,22,DAL,23,23,19,13
HOU,24,25,12,22,LAL,24,16,27,21
MIN,30,10,21,25,MEM,10,24,17,16
GSW,19,14,21,23,NJN,27,29,15,18
WAS,26,14,17,25,NOH,20,21,32,17
DEN,26,21,21,21,OKC,16,18,11,24
PHI,14,33,34,12,TOR,19,18,30,28
ATL,22,22,11,24,UTA,16,22,32,12
PHX,25,31,25,15,CLE,25,27,24,21
SAS,17,19,28,23,LAL,34,18,17,21
PHI,20,27,26,20,CHI,21,19,21,28
GSW,25,23,21,26,DAL,27,22,19,29
CHA,18,25,11,19,HOU,19,24,19,17
ATL,17,23,26,25,IND,25,18,15,19
BOS,13,23,25,22,MEM,22,13,23,15
POR,16,17,16,21,NJN,22,14,21,23
MIL,13,24,22,21,NOH,11,23,18,21
MIN,16,22,16,20,NYK,23,16,20,15
WAS,24,16,19,25,ORL,25,26,19,24
MIN,29,31,19,17,CHA,20,20,21,21
DEN,18,19,21,18,LAC,17,24,12,16
CHI,24,25,27,14,NOH,22,14,16,18
PHX,15,23,24,24,OKC,20,24,19,14
HOU,21,12,22,18,SAS,20,16,18,20
MIL,19,15,15,13,BOS,16,13,16,8
LAL,34,25,15,18,DAL,23,18,24,14
TOR,24,18,28,12,IND,24,20,13,16
DET,20,19,21,18,MEM,21,28,13,10
PHI,26,11,13,21,MIA,20,17,18,6
LAC,30,23,19,17,NJN,17,24,22,23
CLE,24,22,22,18,NYK,21,16,25,19
GSW,33,23,16,23,PHX,38,25,37,26
ATL,18,19,26,26,POR,18,16,20,12
WAS,32,20,19,10,SAC,25,22,17,18
ORL,25,25,22,19,UTA,17,18,18,12
NOH,20,13,16,16,HOU,22,16,16,14
DEN,24,18,29,28,NJN,19,21,27,17
MEM,15,21,18,24,POR,26,21,14,24
OKC,12,15,17,17,SAS,28,12,19,10
CHA,24,27,26,17,TOR,18,8,21,10
CHI,20,16,28,30,BOS,23,26,21,27
DAL,24,20,26,12,DET,18,16,15,34
GSW,21,31,26,19,LAC,18,22,19,29
SAS,16,15,27,15,MIN,19,14,21,19
CLE,25,22,18,20,ORL,22,25,19,16
LAL,23,21,21,16,PHI,20,19,12,30
ATL,23,36,23,22,SAC,29,19,14,7
UTA,18,15,24,27,WAS,11,18,18,18
OKC,27,25,16,12,CHI,20,24,29,14
MEM,30,20,26,13,DEN,15,25,23,20
NOH,20,22,20,14,MIN,10,22,15,23
NYK,21,21,22,14,NJN,18,34,34,22
MIL,17,10,19,15,ORL,30,22,12,19
PHX,29,27,27,29,PHI,30,25,24,19
IND,14,19,15,26,POR,27,15,26,14
CHA,25,15,21,14,SAC,21,20,19,17
LAC,21,26,35,27,WAS,31,28,21,14
ATL,21,26,14,15,DAL,29,16,25,8
LAL,25,19,30,24,GSW,27,18,16,30
SAS,21,19,17,11,BOS,15,17,25,14
TOR,18,14,19,14,CHA,27,17,29,18
IND,21,17,27,15,DAL,18,21,21,15
DET,20,18,26,29,LAC,23,22,17,13
NOH,18,19,18,23,MEM,16,12,22,8
NJN,20,26,7,22,MIA,14,21,19,18
HOU,20,23,28,22,MIN,15,17,24,18
GSW,21,31,27,26,PHI,25,17,19,19
NYK,16,14,24,22,SAC,24,28,28,19
OKC,23,11,22,27,UTA,19,24,24,16
DEN,25,23,19,25,WAS,28,13,20,17
CLE,24,16,21,21,ATL,13,12,27,23
MEM,17,22,17,15,BOS,18,24,24,23
CHA,22,17,7,25,IND,21,23,30,17
CHI,30,26,16,12,LAL,23,20,25,33
ORL,27,24,21,17,NYK,23,18,23,16
MIL,21,15,13,16,POR,16,21,23,19
PHX,30,26,25,32,WAS,12,28,20,18
NJN,16,13,15,23,CLE,23,16,21,16
NOH,24,20,20,18,GSW,17,10,17,24
SAS,25,13,13,21,HOU,16,23,13,21
TOR,29,17,23,22,LAC,16,17,12,17
DET,20,22,15,15,MIA,18,14,19,24
MIN,15,17,13,30,OKC,25,24,20,9
SAC,14,23,21,21,PHI,29,28,22,14
WAS,23,19,13,26,CHI,17,21,21,22
PHX,27,26,14,17,DEN,18,26,25,17
BOS,26,10,26,15,LAC,18,23,15,11
MIA,24,24,24,10,MEM,16,16,14,16
ATL,23,34,20,24,MIN,16,17,21,23
NYK,21,24,21,15,ORL,16,23,10,24
CHI,21,18,22,18,DET,16,22,24,20
SAS,25,22,21,20,GSW,23,24,17,25
UTA,21,20,21,18,HOU,18,20,23,13
OKC,19,16,22,14,LAL,33,17,26,15
ORL,25,15,22,8,BOS,17,13,21,19
WAS,23,25,19,17,CHA,28,24,6,16
NOH,19,20,10,14,DEN,23,14,20,21
DAL,35,16,22,27,GSW,24,21,21,17
IND,24,19,14,18,MIA,20,19,15,11
TOR,21,28,18,13,MIL,18,22,26,33
PHI,14,14,14,20,MIN,16,20,17,15
CLE,22,17,19,17,NJN,16,23,12,23
ATL,21,20,21,17,SAS,26,22,19,20
PHX,26,19,29,22,UTA,26,27,22,23
DET,12,26,11,14,LAL,24,14,21,17
CHI,26,19,26,19,MIA,22,19,10,20
POR,26,32,27,24,PHX,26,27,20,27
ATL,19,15,16,27,BOS,23,23,22,15
PHI,16,10,19,23,CHA,28,14,21,17
DAL,20,18,15,18,DEN,23,28,26,14
SAS,36,19,34,13,LAC,15,25,23,25
NJN,24,20,18,25,LAL,26,19,27,17
SAC,17,4,26,20,MEM,24,23,17,22
ORL,20,24,26,21,MIL,20,19,22,17
CLE,23,22,19,25,MIN,18,21,15,19
NYK,21,19,31,17,NOH,20,21,16,23
TOR,26,20,32,26,OKC,16,21,14,22
WAS,22,17,19,17,DET,24,29,22,9
DEN,17,31,37,23,GSW,25,24,12,37
CHI,19,29,29,18,IND,32,19,23,21
HOU,25,24,23,23,LAC,17,12,19,30
POR,22,17,14,15,MEM,16,20,8,12
MIA,25,23,16,21,MIL,18,14,13,19
CHA,18,21,21,20,NYK,27,15,21,11
CLE,14,25,29,19,DAL,25,16,10,12
ATL,18,20,28,10,LAL,11,20,17,12
MIN,27,23,22,12,NJN,17,13,21,26
BOS,19,21,20,26,OKC,18,14,18,11
DET,25,23,14,18,PHI,23,20,20,14
SAC,32,28,33,12,PHX,29,24,30,19
NOH,16,18,12,12,SAS,20,16,12,21
IND,26,24,31,26,WAS,23,14,15,27
GSW,24,23,24,18,MEM,24,25,18,18
NJN,8,16,14,17,MIL,26,23,19,20
MIA,19,19,25,19,ORL,24,9,23,24
PHI,26,16,22,12,ATL,14,13,27,10
IND,28,16,24,22,CHI,21,20,25,21
MIN,12,22,19,17,DAL,34,21,22,23
CLE,10,29,16,12,DET,19,21,10,12
CHA,23,16,20,18,LAL,22,20,18,20
SAC,28,18,26,16,NOH,26,22,22,23
DEN,32,29,19,21,NYK,18,27,18,19
SAS,31,13,24,16,OKC,20,25,24,10
POR,32,22,24,26,UTA,21,19,21,18
NJN,28,20,18,22,DET,16,22,20,22
PHX,33,25,19,17,HOU,28,23,28,19
MIL,30,23,23,15,LAL,20,28,11,14
DAL,22,16,17,20,MIA,26,15,15,15
LAC,23,19,19,26,NOH,25,22,24,18
ORL,21,18,16,14,TOR,28,21,25,12
MEM,25,20,29,10,WAS,23,21,20,21
WAS,20,23,22,18,CLE,18,19,25,27
PHI,14,22,14,23,MIL,23,26,12,13
DEN,18,26,16,19,UTA,21,12,20,21
BOS,19,24,23,20,ATL,18,16,19,15
ORL,24,28,29,20,CLE,14,15,18,24
MEM,26,29,19,18,DAL,25,24,23,11
LAL,17,20,20,18,HOU,19,21,14,13
CHA,27,14,22,21,MIA,15,29,19,19
UTA,17,23,19,18,MIN,16,27,26,22
GSW,28,19,12,23,NOH,17,24,21,24
OKC,10,12,12,22,POR,23,18,24,28
PHX,35,21,31,31,SAC,21,25,26,14
IND,24,22,24,37,SAS,25,26,26,22
PHI,20,19,20,15,DET,15,24,21,8
DEN,23,28,22,24,LAC,18,26,23,20
MIL,19,16,28,24,MEM,12,26,20,21
WAS,22,18,17,24,MIA,27,23,14,36
CHI,16,24,12,19,NJN,12,22,15,23
ATL,14,18,13,18,ORL,18,13,17,21
NYK,26,12,22,18,TOR,21,18,27,19
MIN,18,17,20,23,DEN,21,31,21,17
SAC,20,11,23,25,GSW,7,25,32,13
OKC,15,20,14,32,IND,29,21,26,20
LAL,27,21,11,12,LAC,15,19,10,21
TOR,29,20,20,21,NYK,31,30,26,16
NJN,18,25,17,23,PHI,19,12,11,16
DAL,39,31,28,19,PHX,29,23,14,20
CLE,19,25,21,21,SAS,21,10,18,17
NOH,18,15,33,15,UTA,39,21,14,19
TOR,27,20,21,24,ATL,22,17,30,26
SAC,34,17,28,12,LAL,23,30,25,22
LAC,16,24,15,12,MIN,16,28,24,12
CHI,23,21,22,19,NYK,20,30,28,17
HOU,23,21,18,16,ORL,19,13,17,21
CHA,20,29,13,14,PHI,15,20,28,14
MEM,21,18,20,22,POR,15,12,23,26
OKC,29,14,19,12,SAS,20,20,23,21
MIL,28,25,9,22,ATL,21,17,25,16
NYK,19,13,24,17,DET,36,23,27,19
ORL,14,22,9,21,MEM,23,16,10,10
GSW,24,28,12,21,MIN,17,26,11,26
BOS,19,30,18,20,NJN,27,14,21,24
DEN,21,14,27,30,OKC,27,24,20,16
NOH,30,19,10,32,PHX,21,21,22,16
SAS,27,16,16,16,POR,12,28,21,23
IND,32,27,31,14,TOR,24,18,19,18
DAL,26,26,19,30,UTA,15,23,20,16
CLE,23,20,21,17,WAS,12,23,13,18
LAL,20,15,22,22,DEN,21,25,14,17
SAC,31,17,16,20,HOU,27,17,33,28
CHI,18,26,26,24,PHI,23,21,20,19
OKC,26,18,12,19,CHA,14,17,20,14
PHI,16,20,18,14,CLE,19,22,21,24
GSW,19,24,14,21,HOU,18,34,17,18
ATL,23,23,23,19,IND,24,24,19,27
POR,17,23,25,14,LAL,21,22,22,18
BOS,18,26,23,18,MIA,24,18,23,19
DET,27,21,16,18,NJN,14,16,28,24
DAL,26,11,23,13,NOH,16,17,16,21
ORL,17,26,15,19,NYK,24,22,24,18
MEM,22,30,26,15,PHX,26,14,19,18
LAC,28,23,23,25,SAC,10,18,16,22
SAS,22,22,20,14,UTA,16,16,19,23
TOR,20,17,21,26,WAS,14,17,29,27
CHI,30,19,20,22,CHA,23,23,26,13
IND,24,22,24,19,DET,21,18,20,20
UTA,25,15,18,21,GSW,26,30,20,13
MIL,22,27,28,18,OKC,18,22,18,21
NJN,20,27,21,19,ORL,21,19,22,15
MIN,6,30,17,29,PHX,22,21,18,27
LAC,13,12,21,16,POR,12,24,12,20
CLE,28,15,27,16,BOS,6,21,17,19
NOH,21,21,21,24,DAL,12,28,18,22
LAL,23,22,20,14,MEM,15,13,19,13
MIA,28,24,29,24,NYK,22,35,17,12
TOR,25,20,24,19,PHI,19,21,20,14
SAC,19,26,16,15,SAS,19,22,19,19
NJN,14,18,16,23,CHA,18,18,20,10
DET,25,23,14,10,CHI,28,14,18,17
IND,21,14,31,20,CLE,21,24,23,20
UTA,24,20,18,12,LAC,17,22,16,20
PHX,21,19,25,28,MEM,22,27,21,15
DAL,24,11,20,17,MIN,16,23,25,20
HOU,17,20,19,17,NOH,20,11,10,19
POR,26,25,19,26,OKC,12,12,20,24
MIL,18,24,14,22,ORL,21,10,10,17
DEN,21,31,20,19,SAC,29,22,20,18
GSW,18,12,11,17,SAS,25,25,16,16
WAS,17,27,21,12,TOR,31,14,14,23
PHI,25,22,21,11,BOS,25,22,25,19
ATL,16,15,20,13,MIA,19,12,28,12
LAL,20,27,27,30,UTA,20,14,21,22
MEM,20,28,13,16,ATL,21,21,14,16
ORL,24,25,17,18,CHA,12,14,13,11
POR,19,27,15,30,DEN,20,10,19,12
PHX,19,29,21,18,GSW,32,14,30,15
DAL,26,12,14,28,HOU,19,29,16,6
IND,20,23,16,31,MIL,21,22,33,19
NYK,20,22,25,16,NJN,11,22,12,11
LAC,19,16,19,21,OKC,22,30,21,27
MIN,17,21,16,17,SAC,21,22,16,16
CHI,18,20,18,25,TOR,27,26,18,21
BOS,21,26,21,32,WAS,20,22,22,19
